id;last_name;first_name;mail;phone;birthday;organization_id
1;Davis;Wilson;California heuristic program;642-911-2833 x7326;2021-11-14;1585
2;Cassin;Hayden;Implementation Consultant Kong;285-845-1222 x4767;2021-11-14;18779
3;Waelchi;Bethel;Villages JBOD Gorgeous;(430) 770-0506 x47692;2021-11-14;32133
4;Fritsch;Elmore;Tennessee Handmade violet;(800) 671-7269;2021-11-15;70007
5;Gislason;Marcus;Investment Electronics Cheese;869-216-8458 x5574;2021-11-15;69599
6;Morissette;Santina;Rustic Re-engineered;(815) 354-5151;2021-11-14;24272
7;Sanford;Cleora;Ports Future transmitting;1-506-994-1391 x582;2021-11-15;13133
8;Keebler;Helene;approach matrix Shoes;395-512-6806 x18524;2021-11-15;84748
9;Gerlach;Susie;intuitive black Small;496.281.9476 x8806;2021-11-14;22917
10;Lehner;Dena;Intranet New Human;(718) 854-9644 x9902;2021-11-14;13659
